{
  "timestamp": "20251026_195639",
  "phase": "2.1 - Content Analysis",
  "total_tests": 9,
  "validation_results": {
    "namespace_scanning": {
      "meets_minimum": false,
      "meets_target": false,
      "actual_speedup": 0.032426358033596205
    },
    "class_scanning": {
      "meets_minimum": false,
      "meets_target": false,
      "actual_speedup": 0.029695224540386166
    },
    "sproc_scanning": {
      "meets_minimum": false,
      "meets_target": false,
      "actual_speedup": 0.028445809520636238
    },
    "overall_validation": false
  },
  "detailed_results": [
    {
      "test_type": "namespace_scanning",
      "target_namespace": "GalaxyWorks.Data",
      "file_count": 100,
      "sequential_times": [
        0.002630949020385742,
        0.0015170574188232422,
        0.001489877700805664
      ],
      "parallel_times": [
        0.4299049377441406,
        0.4277212619781494,
        0.41942286491394043
      ],
      "sequential_results": 4,
      "parallel_results": 4,
      "avg_sequential_time": 0.001879294713338216,
      "avg_parallel_time": 0.42568302154541016,
      "speedup_factor": 0.004414774886993562,
      "performance_improvement_percentage": -99.55852251130064,
      "results_match": true,
      "scenario": "Small subset"
    },
    {
      "test_type": "class_scanning",
      "class_name": "PortalDataService",
      "file_count": 100,
      "sequential_times": [
        0.002103090286254883,
        0.0017180442810058594,
        0.001669168472290039
      ],
      "parallel_times": [
        0.4266021251678467,
        0.41223764419555664,
        0.40340709686279297
      ],
      "sequential_results": 2,
      "parallel_results": 2,
      "avg_sequential_time": 0.0018301010131835938,
      "avg_parallel_time": 0.41408228874206543,
      "speedup_factor": 0.004419655375126599,
      "performance_improvement_percentage": -99.55803446248734,
      "results_match": true,
      "scenario": "Small subset"
    },
    {
      "test_type": "sproc_scanning",
      "sproc_name": "dbo.sp_InsertPortalConfiguration",
      "file_count": 100,
      "sequential_times": [
        0.002025127410888672,
        0.0016171932220458984,
        0.0016467571258544922
      ],
      "parallel_times": [
        0.41738104820251465,
        0.4103679656982422,
        0.41309380531311035
      ],
      "sequential_results": 2,
      "parallel_results": 2,
      "avg_sequential_time": 0.0017630259195963542,
      "avg_parallel_time": 0.41361427307128906,
      "speedup_factor": 0.004262488106382358,
      "performance_improvement_percentage": -99.57375118936176,
      "results_match": true,
      "scenario": "Small subset"
    },
    {
      "test_type": "namespace_scanning",
      "target_namespace": "GalaxyWorks.Data",
      "file_count": 500,
      "sequential_times": [
        0.011404991149902344,
        0.007194995880126953,
        0.0071868896484375
      ],
      "parallel_times": [
        0.5495853424072266,
        0.5588808059692383,
        0.5543777942657471
      ],
      "sequential_results": 4,
      "parallel_results": 4,
      "avg_sequential_time": 0.008595625559488932,
      "avg_parallel_time": 0.5542813142140707,
      "speedup_factor": 0.015507694990001392,
      "performance_improvement_percentage": -98.44923050099986,
      "results_match": true,
      "scenario": "Medium subset"
    },
    {
      "test_type": "class_scanning",
      "class_name": "PortalDataService",
      "file_count": 500,
      "sequential_times": [
        0.008662939071655273,
        0.007626056671142578,
        0.007642984390258789
      ],
      "parallel_times": [
        0.5577540397644043,
        0.549699068069458,
        0.5670459270477295
      ],
      "sequential_results": 2,
      "parallel_results": 2,
      "avg_sequential_time": 0.00797732671101888,
      "avg_parallel_time": 0.5581663449605306,
      "speedup_factor": 0.014292023843865,
      "performance_improvement_percentage": -98.5707976156135,
      "results_match": true,
      "scenario": "Medium subset"
    },
    {
      "test_type": "sproc_scanning",
      "sproc_name": "dbo.sp_InsertPortalConfiguration",
      "file_count": 500,
      "sequential_times": [
        0.008732795715332031,
        0.0075531005859375,
        0.007464885711669922
      ],
      "parallel_times": [
        0.5661780834197998,
        0.572786808013916,
        0.55523681640625
      ],
      "sequential_results": 2,
      "parallel_results": 2,
      "avg_sequential_time": 0.007916927337646484,
      "avg_parallel_time": 0.5647339026133219,
      "speedup_factor": 0.014018863222148842,
      "performance_improvement_percentage": -98.59811367778512,
      "results_match": true,
      "scenario": "Medium subset"
    },
    {
      "test_type": "namespace_scanning",
      "target_namespace": "GalaxyWorks.Data",
      "file_count": 1655,
      "sequential_times": [
        0.03722786903381348,
        0.02704620361328125,
        0.028332233428955078
      ],
      "parallel_times": [
        0.9553608894348145,
        0.9473822116851807,
        0.9531528949737549
      ],
      "sequential_results": 5,
      "parallel_results": 5,
      "avg_sequential_time": 0.0308687686920166,
      "avg_parallel_time": 0.95196533203125,
      "speedup_factor": 0.032426358033596205,
      "performance_improvement_percentage": -96.75736419664038,
      "results_match": true,
      "scenario": "Full codebase"
    },
    {
      "test_type": "class_scanning",
      "class_name": "PortalDataService",
      "file_count": 1655,
      "sequential_times": [
        0.028302669525146484,
        0.027817964553833008,
        0.028006792068481445
      ],
      "parallel_times": [
        0.9476549625396729,
        0.9473788738250732,
        0.9379949569702148
      ],
      "sequential_results": 3,
      "parallel_results": 3,
      "avg_sequential_time": 0.02804247538248698,
      "avg_parallel_time": 0.9443429311116537,
      "speedup_factor": 0.029695224540386166,
      "performance_improvement_percentage": -97.03047754596138,
      "results_match": true,
      "scenario": "Full codebase"
    },
    {
      "test_type": "sproc_scanning",
      "sproc_name": "dbo.sp_InsertPortalConfiguration",
      "file_count": 1655,
      "sequential_times": [
        0.029231786727905273,
        0.02618098258972168,
        0.02559804916381836
      ],
      "parallel_times": [
        0.944692850112915,
        0.9550199508666992,
        0.9481871128082275
      ],
      "sequential_results": 2,
      "parallel_results": 2,
      "avg_sequential_time": 0.02700360616048177,
      "avg_parallel_time": 0.9492999712626139,
      "speedup_factor": 0.028445809520636238,
      "performance_improvement_percentage": -97.15541904793638,
      "results_match": true,
      "scenario": "Full codebase"
    }
  ],
  "performance_targets": {
    "namespace_scanning": {
      "min_speedup": 2.0,
      "target_speedup": 4.0
    },
    "class_scanning": {
      "min_speedup": 2.0,
      "target_speedup": 4.0
    },
    "sproc_scanning": {
      "min_speedup": 3.0,
      "target_speedup": 6.0
    }
  }
}