{
  "timestamp": "20251026_195247",
  "phase": "2.1 - Content Analysis",
  "total_tests": 9,
  "validation_results": {
    "namespace_scanning": {
      "meets_minimum": false,
      "meets_target": false,
      "actual_speedup": 0.02888447148134508
    },
    "class_scanning": {
      "meets_minimum": false,
      "meets_target": false,
      "actual_speedup": 0.028840987239270453
    },
    "sproc_scanning": {
      "meets_minimum": false,
      "meets_target": false,
      "actual_speedup": 0.028237510078236796
    },
    "overall_validation": false
  },
  "detailed_results": [
    {
      "test_type": "namespace_scanning",
      "target_namespace": "GalaxyWorks.Data",
      "file_count": 100,
      "sequential_times": [
        0.0020987987518310547,
        0.0015079975128173828,
        0.001489877700805664
      ],
      "parallel_times": [
        0.42038989067077637,
        0.446458101272583,
        0.4200918674468994
      ],
      "sequential_results": 4,
      "parallel_results": 4,
      "avg_sequential_time": 0.001698891321818034,
      "avg_parallel_time": 0.42897995313008624,
      "speedup_factor": 0.003960304693545557,
      "performance_improvement_percentage": -99.60396953064544,
      "results_match": true,
      "scenario": "Small subset"
    },
    {
      "test_type": "class_scanning",
      "class_name": "PortalDataService",
      "file_count": 100,
      "sequential_times": [
        0.002079010009765625,
        0.0016710758209228516,
        0.0016570091247558594
      ],
      "parallel_times": [
        0.4240889549255371,
        0.41840672492980957,
        0.4076049327850342
      ],
      "sequential_results": 2,
      "parallel_results": 2,
      "avg_sequential_time": 0.001802364985148112,
      "avg_parallel_time": 0.41670020421346027,
      "speedup_factor": 0.004325327818233625,
      "performance_improvement_percentage": -99.56746721817665,
      "results_match": true,
      "scenario": "Small subset"
    },
    {
      "test_type": "sproc_scanning",
      "sproc_name": "dbo.sp_InsertPortalConfiguration",
      "file_count": 100,
      "sequential_times": [
        0.0020072460174560547,
        0.0016329288482666016,
        0.0016100406646728516
      ],
      "parallel_times": [
        0.4129159450531006,
        0.41274523735046387,
        0.4089653491973877
      ],
      "sequential_results": 2,
      "parallel_results": 2,
      "avg_sequential_time": 0.0017500718434651692,
      "avg_parallel_time": 0.4115421772003174,
      "speedup_factor": 0.004252472627157544,
      "performance_improvement_percentage": -99.57475273728424,
      "results_match": true,
      "scenario": "Small subset"
    },
    {
      "test_type": "namespace_scanning",
      "target_namespace": "GalaxyWorks.Data",
      "file_count": 500,
      "sequential_times": [
        0.009092092514038086,
        0.009289979934692383,
        0.007900238037109375
      ],
      "parallel_times": [
        0.5591511726379395,
        0.5757379531860352,
        0.5551838874816895
      ],
      "sequential_results": 4,
      "parallel_results": 4,
      "avg_sequential_time": 0.008760770161946615,
      "avg_parallel_time": 0.5633576711018881,
      "speedup_factor": 0.015550991157733174,
      "performance_improvement_percentage": -98.44490088422668,
      "results_match": true,
      "scenario": "Medium subset"
    },
    {
      "test_type": "class_scanning",
      "class_name": "PortalDataService",
      "file_count": 500,
      "sequential_times": [
        0.008796930313110352,
        0.007637977600097656,
        0.007666826248168945
      ],
      "parallel_times": [
        0.6036882400512695,
        0.5620369911193848,
        0.5684149265289307
      ],
      "sequential_results": 2,
      "parallel_results": 2,
      "avg_sequential_time": 0.00803391138712565,
      "avg_parallel_time": 0.578046719233195,
      "speedup_factor": 0.013898377276118782,
      "performance_improvement_percentage": -98.61016227238812,
      "results_match": true,
      "scenario": "Medium subset"
    },
    {
      "test_type": "sproc_scanning",
      "sproc_name": "dbo.sp_InsertPortalConfiguration",
      "file_count": 500,
      "sequential_times": [
        0.00868988037109375,
        0.007876157760620117,
        0.008719921112060547
      ],
      "parallel_times": [
        0.5651750564575195,
        0.5616030693054199,
        0.5624759197235107
      ],
      "sequential_results": 2,
      "parallel_results": 2,
      "avg_sequential_time": 0.008428653081258139,
      "avg_parallel_time": 0.5630846818288168,
      "speedup_factor": 0.014968713149651142,
      "performance_improvement_percentage": -98.5031286850349,
      "results_match": true,
      "scenario": "Medium subset"
    },
    {
      "test_type": "namespace_scanning",
      "target_namespace": "GalaxyWorks.Data",
      "file_count": 1655,
      "sequential_times": [
        0.02928614616394043,
        0.02617192268371582,
        0.028352022171020508
      ],
      "parallel_times": [
        0.970587968826294,
        0.9681601524353027,
        0.9628140926361084
      ],
      "sequential_results": 5,
      "parallel_results": 5,
      "avg_sequential_time": 0.027936697006225586,
      "avg_parallel_time": 0.9671874046325684,
      "speedup_factor": 0.02888447148134508,
      "performance_improvement_percentage": -97.1115528518655,
      "results_match": true,
      "scenario": "Full codebase"
    },
    {
      "test_type": "class_scanning",
      "class_name": "PortalDataService",
      "file_count": 1655,
      "sequential_times": [
        0.02919793128967285,
        0.026797056198120117,
        0.026751041412353516
      ],
      "parallel_times": [
        0.956622838973999,
        0.9555959701538086,
        0.9568240642547607
      ],
      "sequential_results": 3,
      "parallel_results": 3,
      "avg_sequential_time": 0.02758200963338216,
      "avg_parallel_time": 0.9563476244608561,
      "speedup_factor": 0.028840987239270453,
      "performance_improvement_percentage": -97.11590127607296,
      "results_match": true,
      "scenario": "Full codebase"
    },
    {
      "test_type": "sproc_scanning",
      "sproc_name": "dbo.sp_InsertPortalConfiguration",
      "file_count": 1655,
      "sequential_times": [
        0.029132843017578125,
        0.026921987533569336,
        0.026060104370117188
      ],
      "parallel_times": [
        0.9519801139831543,
        0.94793701171875,
        1.008091926574707
      ],
      "sequential_results": 2,
      "parallel_results": 2,
      "avg_sequential_time": 0.027371644973754883,
      "avg_parallel_time": 0.9693363507588705,
      "speedup_factor": 0.028237510078236796,
      "performance_improvement_percentage": -97.17624899217631,
      "results_match": true,
      "scenario": "Full codebase"
    }
  ],
  "performance_targets": {
    "namespace_scanning": {
      "min_speedup": 2.0,
      "target_speedup": 4.0
    },
    "class_scanning": {
      "min_speedup": 2.0,
      "target_speedup": 4.0
    },
    "sproc_scanning": {
      "min_speedup": 3.0,
      "target_speedup": 6.0
    }
  }
}